Domain Code,Domain,Area Code,Area,Element Code,Element,Item Code,Item,Year Code,Year,Unit,Value,Flag,Flag Description
"TP","Crops and livestock products","149","Nepal","5610","Import Quantity","58","Flour, maize","2000","2000","tonnes","0","F","FAO estimate"
"TP","Crops and livestock products","149","Nepal","5610","Import Quantity","58","Flour, maize","2001","2001","tonnes","","M","Data not available"
"TP","Crops and livestock products","149","Nepal","5610","Import Quantity","58","Flour, maize","2002","2002","tonnes","","M","Data not available"
"TP","Crops and livestock products","149","Nepal","5610","Import Quantity","58","Flour, maize","2003","2003","tonnes","71","","Official data"
"TP","Crops and livestock products","149","Nepal","5610","Import Quantity","58","Flour, maize","2004","2004","tonnes","261","R","Estimated data using trading partners database"
"TP","Crops and livestock products","149","Nepal","5610","Import Quantity","58","Flour, maize","2005","2005","tonnes","40","R","Estimated data using trading partners database"
"TP","Crops and livestock products","149","Nepal","5610","Import Quantity","58","Flour, maize","2006","2006","tonnes","136","R","Estimated data using trading partners database"
"TP","Crops and livestock products","149","Nepal","5610","Import Quantity","58","Flour, maize","2007","2007","tonnes","349","R","Estimated data using trading partners database"
"TP","Crops and livestock products","149","Nepal","5610","Import Quantity","58","Flour, maize","2008","2008","tonnes","503","R","Estimated data using trading partners database"
"TP","Crops and livestock products","149","Nepal","5610","Import Quantity","58","Flour, maize","2009","2009","tonnes","718","","Official data"
"TP","Crops and livestock products","149","Nepal","5610","Import Quantity","58","Flour, maize","2010","2010","tonnes","598","","Official data"
"TP","Crops and livestock products","149","Nepal","5610","Import Quantity","58","Flour, maize","2011","2011","tonnes","391","","Official data"
"TP","Crops and livestock products","149","Nepal","5610","Import Quantity","58","Flour, maize","2012","2012","tonnes","438","","Official data"
"TP","Crops and livestock products","149","Nepal","5610","Import Quantity","58","Flour, maize","2013","2013","tonnes","223","","Official data"
"TP","Crops and livestock products","149","Nepal","5610","Import Quantity","58","Flour, maize","2014","2014","tonnes","314","","Official data"
"TP","Crops and livestock products","149","Nepal","5610","Import Quantity","58","Flour, maize","2015","2015","tonnes","623","","Official data"
"TP","Crops and livestock products","149","Nepal","5610","Import Quantity","58","Flour, maize","2016","2016","tonnes","1292","","Official data"
"TP","Crops and livestock products","149","Nepal","5610","Import Quantity","58","Flour, maize","2017","2017","tonnes","1498","","Official data"
"TP","Crops and livestock products","149","Nepal","5610","Import Quantity","58","Flour, maize","2018","2018","tonnes","1494","R","Estimated data using trading partners database"
"TP","Crops and livestock products","149","Nepal","5622","Import Value","58","Flour, maize","2000","2000","1000 US$","0","F","FAO estimate"
"TP","Crops and livestock products","149","Nepal","5622","Import Value","58","Flour, maize","2001","2001","1000 US$","","M","Data not available"
"TP","Crops and livestock products","149","Nepal","5622","Import Value","58","Flour, maize","2002","2002","1000 US$","","M","Data not available"
"TP","Crops and livestock products","149","Nepal","5622","Import Value","58","Flour, maize","2003","2003","1000 US$","17","","Official data"
"TP","Crops and livestock products","149","Nepal","5622","Import Value","58","Flour, maize","2004","2004","1000 US$","41","R","Estimated data using trading partners database"
"TP","Crops and livestock products","149","Nepal","5622","Import Value","58","Flour, maize","2005","2005","1000 US$","9","R","Estimated data using trading partners database"
"TP","Crops and livestock products","149","Nepal","5622","Import Value","58","Flour, maize","2006","2006","1000 US$","21","R","Estimated data using trading partners database"
"TP","Crops and livestock products","149","Nepal","5622","Import Value","58","Flour, maize","2007","2007","1000 US$","100","R","Estimated data using trading partners database"
"TP","Crops and livestock products","149","Nepal","5622","Import Value","58","Flour, maize","2008","2008","1000 US$","192","R","Estimated data using trading partners database"
"TP","Crops and livestock products","149","Nepal","5622","Import Value","58","Flour, maize","2009","2009","1000 US$","243","","Official data"
"TP","Crops and livestock products","149","Nepal","5622","Import Value","58","Flour, maize","2010","2010","1000 US$","211","","Official data"
"TP","Crops and livestock products","149","Nepal","5622","Import Value","58","Flour, maize","2011","2011","1000 US$","133","","Official data"
"TP","Crops and livestock products","149","Nepal","5622","Import Value","58","Flour, maize","2012","2012","1000 US$","140","","Official data"
"TP","Crops and livestock products","149","Nepal","5622","Import Value","58","Flour, maize","2013","2013","1000 US$","78","","Official data"
"TP","Crops and livestock products","149","Nepal","5622","Import Value","58","Flour, maize","2014","2014","1000 US$","127","","Official data"
"TP","Crops and livestock products","149","Nepal","5622","Import Value","58","Flour, maize","2015","2015","1000 US$","234","","Official data"
"TP","Crops and livestock products","149","Nepal","5622","Import Value","58","Flour, maize","2016","2016","1000 US$","443","","Official data"
"TP","Crops and livestock products","149","Nepal","5622","Import Value","58","Flour, maize","2017","2017","1000 US$","626","","Official data"
"TP","Crops and livestock products","149","Nepal","5622","Import Value","58","Flour, maize","2018","2018","1000 US$","495","R","Estimated data using trading partners database"
"TP","Crops and livestock products","149","Nepal","5910","Export Quantity","58","Flour, maize","2000","2000","tonnes","","M","Data not available"
"TP","Crops and livestock products","149","Nepal","5910","Export Quantity","58","Flour, maize","2001","2001","tonnes","","M","Data not available"
"TP","Crops and livestock products","149","Nepal","5910","Export Quantity","58","Flour, maize","2002","2002","tonnes","","M","Data not available"
"TP","Crops and livestock products","149","Nepal","5910","Export Quantity","58","Flour, maize","2003","2003","tonnes","","M","Data not available"
"TP","Crops and livestock products","149","Nepal","5910","Export Quantity","58","Flour, maize","2004","2004","tonnes","","M","Data not available"
"TP","Crops and livestock products","149","Nepal","5910","Export Quantity","58","Flour, maize","2005","2005","tonnes","","M","Data not available"
"TP","Crops and livestock products","149","Nepal","5910","Export Quantity","58","Flour, maize","2006","2006","tonnes","","M","Data not available"
"TP","Crops and livestock products","149","Nepal","5910","Export Quantity","58","Flour, maize","2007","2007","tonnes","","M","Data not available"
"TP","Crops and livestock products","149","Nepal","5910","Export Quantity","58","Flour, maize","2008","2008","tonnes","","M","Data not available"
"TP","Crops and livestock products","149","Nepal","5910","Export Quantity","58","Flour, maize","2009","2009","tonnes","132","","Official data"
"TP","Crops and livestock products","149","Nepal","5910","Export Quantity","58","Flour, maize","2010","2010","tonnes","0","*","Unofficial figure"
"TP","Crops and livestock products","149","Nepal","5910","Export Quantity","58","Flour, maize","2011","2011","tonnes","0","F","FAO estimate"
"TP","Crops and livestock products","149","Nepal","5910","Export Quantity","58","Flour, maize","2012","2012","tonnes","0","","Official data"
"TP","Crops and livestock products","149","Nepal","5910","Export Quantity","58","Flour, maize","2013","2013","tonnes","0","F","FAO estimate"
"TP","Crops and livestock products","149","Nepal","5910","Export Quantity","58","Flour, maize","2016","2016","tonnes","1","","Official data"
"TP","Crops and livestock products","149","Nepal","5910","Export Quantity","58","Flour, maize","2018","2018","tonnes","26","R","Estimated data using trading partners database"
"TP","Crops and livestock products","149","Nepal","5922","Export Value","58","Flour, maize","2000","2000","1000 US$","","M","Data not available"
"TP","Crops and livestock products","149","Nepal","5922","Export Value","58","Flour, maize","2001","2001","1000 US$","","M","Data not available"
"TP","Crops and livestock products","149","Nepal","5922","Export Value","58","Flour, maize","2002","2002","1000 US$","","M","Data not available"
"TP","Crops and livestock products","149","Nepal","5922","Export Value","58","Flour, maize","2003","2003","1000 US$","","M","Data not available"
"TP","Crops and livestock products","149","Nepal","5922","Export Value","58","Flour, maize","2004","2004","1000 US$","","M","Data not available"
"TP","Crops and livestock products","149","Nepal","5922","Export Value","58","Flour, maize","2005","2005","1000 US$","","M","Data not available"
"TP","Crops and livestock products","149","Nepal","5922","Export Value","58","Flour, maize","2006","2006","1000 US$","","M","Data not available"
"TP","Crops and livestock products","149","Nepal","5922","Export Value","58","Flour, maize","2007","2007","1000 US$","","M","Data not available"
"TP","Crops and livestock products","149","Nepal","5922","Export Value","58","Flour, maize","2008","2008","1000 US$","","M","Data not available"
"TP","Crops and livestock products","149","Nepal","5922","Export Value","58","Flour, maize","2009","2009","1000 US$","35","","Official data"
"TP","Crops and livestock products","149","Nepal","5922","Export Value","58","Flour, maize","2010","2010","1000 US$","0","*","Unofficial figure"
"TP","Crops and livestock products","149","Nepal","5922","Export Value","58","Flour, maize","2011","2011","1000 US$","0","F","FAO estimate"
"TP","Crops and livestock products","149","Nepal","5922","Export Value","58","Flour, maize","2012","2012","1000 US$","0","","Official data"
"TP","Crops and livestock products","149","Nepal","5922","Export Value","58","Flour, maize","2013","2013","1000 US$","0","F","FAO estimate"
"TP","Crops and livestock products","149","Nepal","5922","Export Value","58","Flour, maize","2016","2016","1000 US$","0","","Official data"
"TP","Crops and livestock products","149","Nepal","5922","Export Value","58","Flour, maize","2018","2018","1000 US$","22","R","Estimated data using trading partners database"
"TP","Crops and livestock products","149","Nepal","5610","Import Quantity","16","Flour, wheat","2000","2000","tonnes","5","F","FAO estimate"
"TP","Crops and livestock products","149","Nepal","5610","Import Quantity","16","Flour, wheat","2001","2001","tonnes","40","*","Unofficial figure"
"TP","Crops and livestock products","149","Nepal","5610","Import Quantity","16","Flour, wheat","2002","2002","tonnes","110","*","Unofficial figure"
"TP","Crops and livestock products","149","Nepal","5610","Import Quantity","16","Flour, wheat","2003","2003","tonnes","2408","*","Unofficial figure"
"TP","Crops and livestock products","149","Nepal","5610","Import Quantity","16","Flour, wheat","2004","2004","tonnes","99","R","Estimated data using trading partners database"
"TP","Crops and livestock products","149","Nepal","5610","Import Quantity","16","Flour, wheat","2005","2005","tonnes","200","R","Estimated data using trading partners database"
"TP","Crops and livestock products","149","Nepal","5610","Import Quantity","16","Flour, wheat","2006","2006","tonnes","4302","R","Estimated data using trading partners database"
"TP","Crops and livestock products","149","Nepal","5610","Import Quantity","16","Flour, wheat","2007","2007","tonnes","1048","*","Unofficial figure"
"TP","Crops and livestock products","149","Nepal","5610","Import Quantity","16","Flour, wheat","2008","2008","tonnes","195","R","Estimated data using trading partners database"
"TP","Crops and livestock products","149","Nepal","5610","Import Quantity","16","Flour, wheat","2009","2009","tonnes","39","","Official data"
"TP","Crops and livestock products","149","Nepal","5610","Import Quantity","16","Flour, wheat","2010","2010","tonnes","285","","Official data"
"TP","Crops and livestock products","149","Nepal","5610","Import Quantity","16","Flour, wheat","2011","2011","tonnes","11159","","Official data"
"TP","Crops and livestock products","149","Nepal","5610","Import Quantity","16","Flour, wheat","2012","2012","tonnes","3799","","Official data"
"TP","Crops and livestock products","149","Nepal","5610","Import Quantity","16","Flour, wheat","2013","2013","tonnes","17394","","Official data"
"TP","Crops and livestock products","149","Nepal","5610","Import Quantity","16","Flour, wheat","2014","2014","tonnes","17129","","Official data"
"TP","Crops and livestock products","149","Nepal","5610","Import Quantity","16","Flour, wheat","2015","2015","tonnes","656","","Official data"
"TP","Crops and livestock products","149","Nepal","5610","Import Quantity","16","Flour, wheat","2016","2016","tonnes","3716","","Official data"
"TP","Crops and livestock products","149","Nepal","5610","Import Quantity","16","Flour, wheat","2017","2017","tonnes","182","","Official data"
"TP","Crops and livestock products","149","Nepal","5610","Import Quantity","16","Flour, wheat","2018","2018","tonnes","1713","*","Unofficial figure"
"TP","Crops and livestock products","149","Nepal","5622","Import Value","16","Flour, wheat","2000","2000","1000 US$","2","","Official data"
"TP","Crops and livestock products","149","Nepal","5622","Import Value","16","Flour, wheat","2001","2001","1000 US$","18","F","FAO estimate"
"TP","Crops and livestock products","149","Nepal","5622","Import Value","16","Flour, wheat","2002","2002","1000 US$","36","*","Unofficial figure"
"TP","Crops and livestock products","149","Nepal","5622","Import Value","16","Flour, wheat","2003","2003","1000 US$","435","","Official data"
"TP","Crops and livestock products","149","Nepal","5622","Import Value","16","Flour, wheat","2004","2004","1000 US$","19","R","Estimated data using trading partners database"
"TP","Crops and livestock products","149","Nepal","5622","Import Value","16","Flour, wheat","2005","2005","1000 US$","38","R","Estimated data using trading partners database"
"TP","Crops and livestock products","149","Nepal","5622","Import Value","16","Flour, wheat","2006","2006","1000 US$","1124","R","Estimated data using trading partners database"
"TP","Crops and livestock products","149","Nepal","5622","Import Value","16","Flour, wheat","2007","2007","1000 US$","307","*","Unofficial figure"
"TP","Crops and livestock products","149","Nepal","5622","Import Value","16","Flour, wheat","2008","2008","1000 US$","71","R","Estimated data using trading partners database"
"TP","Crops and livestock products","149","Nepal","5622","Import Value","16","Flour, wheat","2009","2009","1000 US$","17","","Official data"
"TP","Crops and livestock products","149","Nepal","5622","Import Value","16","Flour, wheat","2010","2010","1000 US$","131","","Official data"
"TP","Crops and livestock products","149","Nepal","5622","Import Value","16","Flour, wheat","2011","2011","1000 US$","3590","","Official data"
"TP","Crops and livestock products","149","Nepal","5622","Import Value","16","Flour, wheat","2012","2012","1000 US$","1029","","Official data"
"TP","Crops and livestock products","149","Nepal","5622","Import Value","16","Flour, wheat","2013","2013","1000 US$","5064","","Official data"
"TP","Crops and livestock products","149","Nepal","5622","Import Value","16","Flour, wheat","2014","2014","1000 US$","5765","","Official data"
"TP","Crops and livestock products","149","Nepal","5622","Import Value","16","Flour, wheat","2015","2015","1000 US$","212","","Official data"
"TP","Crops and livestock products","149","Nepal","5622","Import Value","16","Flour, wheat","2016","2016","1000 US$","1077","","Official data"
"TP","Crops and livestock products","149","Nepal","5622","Import Value","16","Flour, wheat","2017","2017","1000 US$","85","","Official data"
"TP","Crops and livestock products","149","Nepal","5622","Import Value","16","Flour, wheat","2018","2018","1000 US$","637","*","Unofficial figure"
"TP","Crops and livestock products","149","Nepal","5910","Export Quantity","16","Flour, wheat","2000","2000","tonnes","0","","Official data"
"TP","Crops and livestock products","149","Nepal","5910","Export Quantity","16","Flour, wheat","2001","2001","tonnes","3200","F","FAO estimate"
"TP","Crops and livestock products","149","Nepal","5910","Export Quantity","16","Flour, wheat","2002","2002","tonnes","3569","*","Unofficial figure"
"TP","Crops and livestock products","149","Nepal","5910","Export Quantity","16","Flour, wheat","2003","2003","tonnes","4516","","Official data"
"TP","Crops and livestock products","149","Nepal","5910","Export Quantity","16","Flour, wheat","2004","2004","tonnes","2719","R","Estimated data using trading partners database"
"TP","Crops and livestock products","149","Nepal","5910","Export Quantity","16","Flour, wheat","2005","2005","tonnes","1656","R","Estimated data using trading partners database"
"TP","Crops and livestock products","149","Nepal","5910","Export Quantity","16","Flour, wheat","2006","2006","tonnes","180","R","Estimated data using trading partners database"
"TP","Crops and livestock products","149","Nepal","5910","Export Quantity","16","Flour, wheat","2007","2007","tonnes","51","R","Estimated data using trading partners database"
"TP","Crops and livestock products","149","Nepal","5910","Export Quantity","16","Flour, wheat","2008","2008","tonnes","685","R","Estimated data using trading partners database"
"TP","Crops and livestock products","149","Nepal","5910","Export Quantity","16","Flour, wheat","2009","2009","tonnes","4021","","Official data"
"TP","Crops and livestock products","149","Nepal","5910","Export Quantity","16","Flour, wheat","2010","2010","tonnes","3106","","Official data"
"TP","Crops and livestock products","149","Nepal","5910","Export Quantity","16","Flour, wheat","2011","2011","tonnes","2970","*","Unofficial figure"
"TP","Crops and livestock products","149","Nepal","5910","Export Quantity","16","Flour, wheat","2012","2012","tonnes","1977","","Official data"
"TP","Crops and livestock products","149","Nepal","5910","Export Quantity","16","Flour, wheat","2013","2013","tonnes","1963","","Official data"
"TP","Crops and livestock products","149","Nepal","5910","Export Quantity","16","Flour, wheat","2014","2014","tonnes","1401","","Official data"
"TP","Crops and livestock products","149","Nepal","5910","Export Quantity","16","Flour, wheat","2015","2015","tonnes","631","","Official data"
"TP","Crops and livestock products","149","Nepal","5910","Export Quantity","16","Flour, wheat","2016","2016","tonnes","551","","Official data"
"TP","Crops and livestock products","149","Nepal","5910","Export Quantity","16","Flour, wheat","2017","2017","tonnes","578","","Official data"
"TP","Crops and livestock products","149","Nepal","5910","Export Quantity","16","Flour, wheat","2018","2018","tonnes","802","Im","FAO data based on imputation methodology"
"TP","Crops and livestock products","149","Nepal","5922","Export Value","16","Flour, wheat","2000","2000","1000 US$","0","","Official data"
"TP","Crops and livestock products","149","Nepal","5922","Export Value","16","Flour, wheat","2001","2001","1000 US$","752","","Official data"
"TP","Crops and livestock products","149","Nepal","5922","Export Value","16","Flour, wheat","2002","2002","1000 US$","776","*","Unofficial figure"
"TP","Crops and livestock products","149","Nepal","5922","Export Value","16","Flour, wheat","2003","2003","1000 US$","879","","Official data"
"TP","Crops and livestock products","149","Nepal","5922","Export Value","16","Flour, wheat","2004","2004","1000 US$","566","R","Estimated data using trading partners database"
"TP","Crops and livestock products","149","Nepal","5922","Export Value","16","Flour, wheat","2005","2005","1000 US$","362","R","Estimated data using trading partners database"
"TP","Crops and livestock products","149","Nepal","5922","Export Value","16","Flour, wheat","2006","2006","1000 US$","39","R","Estimated data using trading partners database"
"TP","Crops and livestock products","149","Nepal","5922","Export Value","16","Flour, wheat","2007","2007","1000 US$","21","R","Estimated data using trading partners database"
"TP","Crops and livestock products","149","Nepal","5922","Export Value","16","Flour, wheat","2008","2008","1000 US$","409","R","Estimated data using trading partners database"
"TP","Crops and livestock products","149","Nepal","5922","Export Value","16","Flour, wheat","2009","2009","1000 US$","2994","","Official data"
"TP","Crops and livestock products","149","Nepal","5922","Export Value","16","Flour, wheat","2010","2010","1000 US$","746","","Official data"
"TP","Crops and livestock products","149","Nepal","5922","Export Value","16","Flour, wheat","2011","2011","1000 US$","2214","","Official data"
"TP","Crops and livestock products","149","Nepal","5922","Export Value","16","Flour, wheat","2012","2012","1000 US$","1090","","Official data"
"TP","Crops and livestock products","149","Nepal","5922","Export Value","16","Flour, wheat","2013","2013","1000 US$","660","","Official data"
"TP","Crops and livestock products","149","Nepal","5922","Export Value","16","Flour, wheat","2014","2014","1000 US$","1267","","Official data"
"TP","Crops and livestock products","149","Nepal","5922","Export Value","16","Flour, wheat","2015","2015","1000 US$","303","","Official data"
"TP","Crops and livestock products","149","Nepal","5922","Export Value","16","Flour, wheat","2016","2016","1000 US$","262","","Official data"
"TP","Crops and livestock products","149","Nepal","5922","Export Value","16","Flour, wheat","2017","2017","1000 US$","302","","Official data"
"TP","Crops and livestock products","149","Nepal","5922","Export Value","16","Flour, wheat","2018","2018","1000 US$","458","R","Estimated data using trading partners database"
"TP","Crops and livestock products","149","Nepal","5610","Import Quantity","57","Germ, maize","2000","2000","tonnes","0","F","FAO estimate"
"TP","Crops and livestock products","149","Nepal","5610","Import Quantity","57","Germ, maize","2001","2001","tonnes","","M","Data not available"
"TP","Crops and livestock products","149","Nepal","5610","Import Quantity","57","Germ, maize","2002","2002","tonnes","","M","Data not available"
"TP","Crops and livestock products","149","Nepal","5610","Import Quantity","57","Germ, maize","2003","2003","tonnes","60","","Official data"
"TP","Crops and livestock products","149","Nepal","5610","Import Quantity","57","Germ, maize","2004","2004","tonnes","0","F","FAO estimate"
"TP","Crops and livestock products","149","Nepal","5610","Import Quantity","57","Germ, maize","2005","2005","tonnes","30","R","Estimated data using trading partners database"
"TP","Crops and livestock products","149","Nepal","5610","Import Quantity","57","Germ, maize","2006","2006","tonnes","1","R","Estimated data using trading partners database"
"TP","Crops and livestock products","149","Nepal","5610","Import Quantity","57","Germ, maize","2007","2007","tonnes","26","R","Estimated data using trading partners database"
"TP","Crops and livestock products","149","Nepal","5610","Import Quantity","57","Germ, maize","2008","2008","tonnes","3","R","Estimated data using trading partners database"
"TP","Crops and livestock products","149","Nepal","5610","Import Quantity","57","Germ, maize","2009","2009","tonnes","11","","Official data"
"TP","Crops and livestock products","149","Nepal","5610","Import Quantity","57","Germ, maize","2010","2010","tonnes","39","","Official data"
"TP","Crops and livestock products","149","Nepal","5610","Import Quantity","57","Germ, maize","2011","2011","tonnes","23","","Official data"
"TP","Crops and livestock products","149","Nepal","5610","Import Quantity","57","Germ, maize","2012","2012","tonnes","32","","Official data"
"TP","Crops and livestock products","149","Nepal","5610","Import Quantity","57","Germ, maize","2013","2013","tonnes","1","","Official data"
"TP","Crops and livestock products","149","Nepal","5610","Import Quantity","57","Germ, maize","2014","2014","tonnes","0","","Official data"
"TP","Crops and livestock products","149","Nepal","5610","Import Quantity","57","Germ, maize","2015","2015","tonnes","15","","Official data"
"TP","Crops and livestock products","149","Nepal","5610","Import Quantity","57","Germ, maize","2016","2016","tonnes","9","","Official data"
"TP","Crops and livestock products","149","Nepal","5610","Import Quantity","57","Germ, maize","2017","2017","tonnes","0","","Official data"
"TP","Crops and livestock products","149","Nepal","5622","Import Value","57","Germ, maize","2000","2000","1000 US$","0","F","FAO estimate"
"TP","Crops and livestock products","149","Nepal","5622","Import Value","57","Germ, maize","2001","2001","1000 US$","","M","Data not available"
"TP","Crops and livestock products","149","Nepal","5622","Import Value","57","Germ, maize","2002","2002","1000 US$","","M","Data not available"
"TP","Crops and livestock products","149","Nepal","5622","Import Value","57","Germ, maize","2003","2003","1000 US$","17","","Official data"
"TP","Crops and livestock products","149","Nepal","5622","Import Value","57","Germ, maize","2004","2004","1000 US$","0","F","FAO estimate"
"TP","Crops and livestock products","149","Nepal","5622","Import Value","57","Germ, maize","2005","2005","1000 US$","16","R","Estimated data using trading partners database"
"TP","Crops and livestock products","149","Nepal","5622","Import Value","57","Germ, maize","2006","2006","1000 US$","0","R","Estimated data using trading partners database"
"TP","Crops and livestock products","149","Nepal","5622","Import Value","57","Germ, maize","2007","2007","1000 US$","12","R","Estimated data using trading partners database"
"TP","Crops and livestock products","149","Nepal","5622","Import Value","57","Germ, maize","2008","2008","1000 US$","1","R","Estimated data using trading partners database"
"TP","Crops and livestock products","149","Nepal","5622","Import Value","57","Germ, maize","2009","2009","1000 US$","9","","Official data"
"TP","Crops and livestock products","149","Nepal","5622","Import Value","57","Germ, maize","2010","2010","1000 US$","10","","Official data"
"TP","Crops and livestock products","149","Nepal","5622","Import Value","57","Germ, maize","2011","2011","1000 US$","11","","Official data"
"TP","Crops and livestock products","149","Nepal","5622","Import Value","57","Germ, maize","2012","2012","1000 US$","4","","Official data"
"TP","Crops and livestock products","149","Nepal","5622","Import Value","57","Germ, maize","2013","2013","1000 US$","1","","Official data"
"TP","Crops and livestock products","149","Nepal","5622","Import Value","57","Germ, maize","2014","2014","1000 US$","0","","Official data"
"TP","Crops and livestock products","149","Nepal","5622","Import Value","57","Germ, maize","2015","2015","1000 US$","7","","Official data"
"TP","Crops and livestock products","149","Nepal","5622","Import Value","57","Germ, maize","2016","2016","1000 US$","3","","Official data"
"TP","Crops and livestock products","149","Nepal","5622","Import Value","57","Germ, maize","2017","2017","1000 US$","0","","Official data"
"TP","Crops and livestock products","149","Nepal","5910","Export Quantity","57","Germ, maize","2000","2000","tonnes","","M","Data not available"
"TP","Crops and livestock products","149","Nepal","5910","Export Quantity","57","Germ, maize","2001","2001","tonnes","","M","Data not available"
"TP","Crops and livestock products","149","Nepal","5910","Export Quantity","57","Germ, maize","2002","2002","tonnes","","M","Data not available"
"TP","Crops and livestock products","149","Nepal","5910","Export Quantity","57","Germ, maize","2003","2003","tonnes","101","","Official data"
"TP","Crops and livestock products","149","Nepal","5910","Export Quantity","57","Germ, maize","2004","2004","tonnes","25","R","Estimated data using trading partners database"
"TP","Crops and livestock products","149","Nepal","5910","Export Quantity","57","Germ, maize","2005","2005","tonnes","22","R","Estimated data using trading partners database"
"TP","Crops and livestock products","149","Nepal","5910","Export Quantity","57","Germ, maize","2006","2006","tonnes","22","F","FAO estimate"
"TP","Crops and livestock products","149","Nepal","5910","Export Quantity","57","Germ, maize","2007","2007","tonnes","22","F","FAO estimate"
"TP","Crops and livestock products","149","Nepal","5910","Export Quantity","57","Germ, maize","2008","2008","tonnes","1","R","Estimated data using trading partners database"
"TP","Crops and livestock products","149","Nepal","5910","Export Quantity","57","Germ, maize","2009","2009","tonnes","0","","Official data"
"TP","Crops and livestock products","149","Nepal","5910","Export Quantity","57","Germ, maize","2010","2010","tonnes","0","F","FAO estimate"
"TP","Crops and livestock products","149","Nepal","5910","Export Quantity","57","Germ, maize","2011","2011","tonnes","3","","Official data"
"TP","Crops and livestock products","149","Nepal","5910","Export Quantity","57","Germ, maize","2012","2012","tonnes","0","F","FAO estimate"
"TP","Crops and livestock products","149","Nepal","5910","Export Quantity","57","Germ, maize","2013","2013","tonnes","0","F","FAO estimate"
"TP","Crops and livestock products","149","Nepal","5922","Export Value","57","Germ, maize","2000","2000","1000 US$","","M","Data not available"
"TP","Crops and livestock products","149","Nepal","5922","Export Value","57","Germ, maize","2001","2001","1000 US$","","M","Data not available"
"TP","Crops and livestock products","149","Nepal","5922","Export Value","57","Germ, maize","2002","2002","1000 US$","","M","Data not available"
"TP","Crops and livestock products","149","Nepal","5922","Export Value","57","Germ, maize","2003","2003","1000 US$","36","","Official data"
"TP","Crops and livestock products","149","Nepal","5922","Export Value","57","Germ, maize","2004","2004","1000 US$","19","R","Estimated data using trading partners database"
"TP","Crops and livestock products","149","Nepal","5922","Export Value","57","Germ, maize","2005","2005","1000 US$","14","R","Estimated data using trading partners database"
"TP","Crops and livestock products","149","Nepal","5922","Export Value","57","Germ, maize","2006","2006","1000 US$","14","F","FAO estimate"
"TP","Crops and livestock products","149","Nepal","5922","Export Value","57","Germ, maize","2007","2007","1000 US$","14","F","FAO estimate"
"TP","Crops and livestock products","149","Nepal","5922","Export Value","57","Germ, maize","2008","2008","1000 US$","1","R","Estimated data using trading partners database"
"TP","Crops and livestock products","149","Nepal","5922","Export Value","57","Germ, maize","2009","2009","1000 US$","0","","Official data"
"TP","Crops and livestock products","149","Nepal","5922","Export Value","57","Germ, maize","2010","2010","1000 US$","0","F","FAO estimate"
"TP","Crops and livestock products","149","Nepal","5922","Export Value","57","Germ, maize","2011","2011","1000 US$","2","","Official data"
"TP","Crops and livestock products","149","Nepal","5922","Export Value","57","Germ, maize","2012","2012","1000 US$","0","F","FAO estimate"
"TP","Crops and livestock products","149","Nepal","5922","Export Value","57","Germ, maize","2013","2013","1000 US$","0","F","FAO estimate"
"TP","Crops and livestock products","149","Nepal","5610","Import Quantity","56","Maize","2000","2000","tonnes","3500","F","FAO estimate"
"TP","Crops and livestock products","149","Nepal","5610","Import Quantity","56","Maize","2001","2001","tonnes","33","F","FAO estimate"
"TP","Crops and livestock products","149","Nepal","5610","Import Quantity","56","Maize","2002","2002","tonnes","1643","*","Unofficial figure"
"TP","Crops and livestock products","149","Nepal","5610","Import Quantity","56","Maize","2003","2003","tonnes","18648","","Official data"
"TP","Crops and livestock products","149","Nepal","5610","Import Quantity","56","Maize","2004","2004","tonnes","10780","R","Estimated data using trading partners database"
"TP","Crops and livestock products","149","Nepal","5610","Import Quantity","56","Maize","2005","2005","tonnes","14533","R","Estimated data using trading partners database"
"TP","Crops and livestock products","149","Nepal","5610","Import Quantity","56","Maize","2006","2006","tonnes","14416","R","Estimated data using trading partners database"
"TP","Crops and livestock products","149","Nepal","5610","Import Quantity","56","Maize","2007","2007","tonnes","58956","R","Estimated data using trading partners database"
"TP","Crops and livestock products","149","Nepal","5610","Import Quantity","56","Maize","2008","2008","tonnes","32861","","Official data"
"TP","Crops and livestock products","149","Nepal","5610","Import Quantity","56","Maize","2009","2009","tonnes","33319","","Official data"
"TP","Crops and livestock products","149","Nepal","5610","Import Quantity","56","Maize","2010","2010","tonnes","141992","","Official data"
"TP","Crops and livestock products","149","Nepal","5610","Import Quantity","56","Maize","2011","2011","tonnes","194746","","Official data"
"TP","Crops and livestock products","149","Nepal","5610","Import Quantity","56","Maize","2012","2012","tonnes","221047","","Official data"
"TP","Crops and livestock products","149","Nepal","5610","Import Quantity","56","Maize","2013","2013","tonnes","171096","","Official data"
"TP","Crops and livestock products","149","Nepal","5610","Import Quantity","56","Maize","2014","2014","tonnes","304903","","Official data"
"TP","Crops and livestock products","149","Nepal","5610","Import Quantity","56","Maize","2015","2015","tonnes","281121","","Official data"
"TP","Crops and livestock products","149","Nepal","5610","Import Quantity","56","Maize","2016","2016","tonnes","411879","","Official data"
"TP","Crops and livestock products","149","Nepal","5610","Import Quantity","56","Maize","2017","2017","tonnes","483640","","Official data"
"TP","Crops and livestock products","149","Nepal","5610","Import Quantity","56","Maize","2018","2018","tonnes","442591","R","Estimated data using trading partners database"
"TP","Crops and livestock products","149","Nepal","5622","Import Value","56","Maize","2000","2000","1000 US$","563","","Official data"
"TP","Crops and livestock products","149","Nepal","5622","Import Value","56","Maize","2001","2001","1000 US$","13","","Official data"
"TP","Crops and livestock products","149","Nepal","5622","Import Value","56","Maize","2002","2002","1000 US$","223","*","Unofficial figure"
"TP","Crops and livestock products","149","Nepal","5622","Import Value","56","Maize","2003","2003","1000 US$","2685","","Official data"
"TP","Crops and livestock products","149","Nepal","5622","Import Value","56","Maize","2004","2004","1000 US$","1294","R","Estimated data using trading partners database"
"TP","Crops and livestock products","149","Nepal","5622","Import Value","56","Maize","2005","2005","1000 US$","2323","R","Estimated data using trading partners database"
"TP","Crops and livestock products","149","Nepal","5622","Import Value","56","Maize","2006","2006","1000 US$","2117","R","Estimated data using trading partners database"
"TP","Crops and livestock products","149","Nepal","5622","Import Value","56","Maize","2007","2007","1000 US$","11577","R","Estimated data using trading partners database"
"TP","Crops and livestock products","149","Nepal","5622","Import Value","56","Maize","2008","2008","1000 US$","3530","","Official data"
"TP","Crops and livestock products","149","Nepal","5622","Import Value","56","Maize","2009","2009","1000 US$","3347","","Official data"
"TP","Crops and livestock products","149","Nepal","5622","Import Value","56","Maize","2010","2010","1000 US$","19573","","Official data"
"TP","Crops and livestock products","149","Nepal","5622","Import Value","56","Maize","2011","2011","1000 US$","46977","","Official data"
"TP","Crops and livestock products","149","Nepal","5622","Import Value","56","Maize","2012","2012","1000 US$","45426","","Official data"
"TP","Crops and livestock products","149","Nepal","5622","Import Value","56","Maize","2013","2013","1000 US$","43481","","Official data"
"TP","Crops and livestock products","149","Nepal","5622","Import Value","56","Maize","2014","2014","1000 US$","81835","","Official data"
"TP","Crops and livestock products","149","Nepal","5622","Import Value","56","Maize","2015","2015","1000 US$","72844","","Official data"
"TP","Crops and livestock products","149","Nepal","5622","Import Value","56","Maize","2016","2016","1000 US$","107434","","Official data"
"TP","Crops and livestock products","149","Nepal","5622","Import Value","56","Maize","2017","2017","1000 US$","109178","","Official data"
"TP","Crops and livestock products","149","Nepal","5622","Import Value","56","Maize","2018","2018","1000 US$","108620","R","Estimated data using trading partners database"
"TP","Crops and livestock products","149","Nepal","5910","Export Quantity","56","Maize","2000","2000","tonnes","0","F","FAO estimate"
"TP","Crops and livestock products","149","Nepal","5910","Export Quantity","56","Maize","2001","2001","tonnes","216","","Official data"
"TP","Crops and livestock products","149","Nepal","5910","Export Quantity","56","Maize","2002","2002","tonnes","0","","Official data"
"TP","Crops and livestock products","149","Nepal","5910","Export Quantity","56","Maize","2003","2003","tonnes","0","F","FAO estimate"
"TP","Crops and livestock products","149","Nepal","5910","Export Quantity","56","Maize","2004","2004","tonnes","13","R","Estimated data using trading partners database"
"TP","Crops and livestock products","149","Nepal","5910","Export Quantity","56","Maize","2005","2005","tonnes","0","F","FAO estimate"
"TP","Crops and livestock products","149","Nepal","5910","Export Quantity","56","Maize","2006","2006","tonnes","0","F","FAO estimate"
"TP","Crops and livestock products","149","Nepal","5910","Export Quantity","56","Maize","2007","2007","tonnes","0","F","FAO estimate"
"TP","Crops and livestock products","149","Nepal","5910","Export Quantity","56","Maize","2008","2008","tonnes","0","F","FAO estimate"
"TP","Crops and livestock products","149","Nepal","5910","Export Quantity","56","Maize","2009","2009","tonnes","1002","","Official data"
"TP","Crops and livestock products","149","Nepal","5910","Export Quantity","56","Maize","2010","2010","tonnes","46","*","Unofficial figure"
"TP","Crops and livestock products","149","Nepal","5910","Export Quantity","56","Maize","2011","2011","tonnes","8","*","Unofficial figure"
"TP","Crops and livestock products","149","Nepal","5910","Export Quantity","56","Maize","2012","2012","tonnes","16","","Official data"
"TP","Crops and livestock products","149","Nepal","5910","Export Quantity","56","Maize","2013","2013","tonnes","0","F","FAO estimate"
"TP","Crops and livestock products","149","Nepal","5910","Export Quantity","56","Maize","2014","2014","tonnes","1","","Official data"
"TP","Crops and livestock products","149","Nepal","5910","Export Quantity","56","Maize","2015","2015","tonnes","1","","Official data"
"TP","Crops and livestock products","149","Nepal","5910","Export Quantity","56","Maize","2016","2016","tonnes","15","","Official data"
"TP","Crops and livestock products","149","Nepal","5910","Export Quantity","56","Maize","2017","2017","tonnes","0","","Official data"
"TP","Crops and livestock products","149","Nepal","5910","Export Quantity","56","Maize","2018","2018","tonnes","36","R","Estimated data using trading partners database"
"TP","Crops and livestock products","149","Nepal","5922","Export Value","56","Maize","2000","2000","1000 US$","0","F","FAO estimate"
"TP","Crops and livestock products","149","Nepal","5922","Export Value","56","Maize","2001","2001","1000 US$","23","","Official data"
"TP","Crops and livestock products","149","Nepal","5922","Export Value","56","Maize","2002","2002","1000 US$","0","","Official data"
"TP","Crops and livestock products","149","Nepal","5922","Export Value","56","Maize","2003","2003","1000 US$","0","F","FAO estimate"
"TP","Crops and livestock products","149","Nepal","5922","Export Value","56","Maize","2004","2004","1000 US$","3","R","Estimated data using trading partners database"
"TP","Crops and livestock products","149","Nepal","5922","Export Value","56","Maize","2005","2005","1000 US$","0","F","FAO estimate"
"TP","Crops and livestock products","149","Nepal","5922","Export Value","56","Maize","2006","2006","1000 US$","0","F","FAO estimate"
"TP","Crops and livestock products","149","Nepal","5922","Export Value","56","Maize","2007","2007","1000 US$","0","F","FAO estimate"
"TP","Crops and livestock products","149","Nepal","5922","Export Value","56","Maize","2008","2008","1000 US$","0","F","FAO estimate"
"TP","Crops and livestock products","149","Nepal","5922","Export Value","56","Maize","2009","2009","1000 US$","275","","Official data"
"TP","Crops and livestock products","149","Nepal","5922","Export Value","56","Maize","2010","2010","1000 US$","38","","Official data"
"TP","Crops and livestock products","149","Nepal","5922","Export Value","56","Maize","2011","2011","1000 US$","10","","Official data"
"TP","Crops and livestock products","149","Nepal","5922","Export Value","56","Maize","2012","2012","1000 US$","2","","Official data"
"TP","Crops and livestock products","149","Nepal","5922","Export Value","56","Maize","2013","2013","1000 US$","0","F","FAO estimate"
"TP","Crops and livestock products","149","Nepal","5922","Export Value","56","Maize","2014","2014","1000 US$","0","","Official data"
"TP","Crops and livestock products","149","Nepal","5922","Export Value","56","Maize","2015","2015","1000 US$","0","","Official data"
"TP","Crops and livestock products","149","Nepal","5922","Export Value","56","Maize","2016","2016","1000 US$","4","","Official data"
"TP","Crops and livestock products","149","Nepal","5922","Export Value","56","Maize","2017","2017","1000 US$","0","","Official data"
"TP","Crops and livestock products","149","Nepal","5922","Export Value","56","Maize","2018","2018","1000 US$","66","R","Estimated data using trading partners database"
"TP","Crops and livestock products","149","Nepal","5610","Import Quantity","32","Rice, broken","2000","2000","tonnes","0","F","FAO estimate"
"TP","Crops and livestock products","149","Nepal","5610","Import Quantity","32","Rice, broken","2001","2001","tonnes","0","F","FAO estimate"
"TP","Crops and livestock products","149","Nepal","5610","Import Quantity","32","Rice, broken","2002","2002","tonnes","436","*","Unofficial figure"
"TP","Crops and livestock products","149","Nepal","5610","Import Quantity","32","Rice, broken","2003","2003","tonnes","5819","","Official data"
"TP","Crops and livestock products","149","Nepal","5610","Import Quantity","32","Rice, broken","2004","2004","tonnes","3313","R","Estimated data using trading partners database"
"TP","Crops and livestock products","149","Nepal","5610","Import Quantity","32","Rice, broken","2005","2005","tonnes","12126","R","Estimated data using trading partners database"
"TP","Crops and livestock products","149","Nepal","5610","Import Quantity","32","Rice, broken","2006","2006","tonnes","17889","R","Estimated data using trading partners database"
"TP","Crops and livestock products","149","Nepal","5610","Import Quantity","32","Rice, broken","2007","2007","tonnes","39561","R","Estimated data using trading partners database"
"TP","Crops and livestock products","149","Nepal","5610","Import Quantity","32","Rice, broken","2008","2008","tonnes","1235","R","Estimated data using trading partners database"
"TP","Crops and livestock products","149","Nepal","5610","Import Quantity","32","Rice, broken","2009","2009","tonnes","3839","","Official data"
"TP","Crops and livestock products","149","Nepal","5610","Import Quantity","32","Rice, broken","2010","2010","tonnes","9978","","Official data"
"TP","Crops and livestock products","149","Nepal","5610","Import Quantity","32","Rice, broken","2011","2011","tonnes","9275","","Official data"
"TP","Crops and livestock products","149","Nepal","5610","Import Quantity","32","Rice, broken","2012","2012","tonnes","7548","","Official data"
"TP","Crops and livestock products","149","Nepal","5610","Import Quantity","32","Rice, broken","2013","2013","tonnes","19241","","Official data"
"TP","Crops and livestock products","149","Nepal","5610","Import Quantity","32","Rice, broken","2014","2014","tonnes","34497","","Official data"
"TP","Crops and livestock products","149","Nepal","5610","Import Quantity","32","Rice, broken","2015","2015","tonnes","39014","","Official data"
"TP","Crops and livestock products","149","Nepal","5610","Import Quantity","32","Rice, broken","2016","2016","tonnes","45409","","Official data"
"TP","Crops and livestock products","149","Nepal","5610","Import Quantity","32","Rice, broken","2017","2017","tonnes","30135","","Official data"
"TP","Crops and livestock products","149","Nepal","5610","Import Quantity","32","Rice, broken","2018","2018","tonnes","36445","","Official data"
"TP","Crops and livestock products","149","Nepal","5622","Import Value","32","Rice, broken","2000","2000","1000 US$","0","F","FAO estimate"
"TP","Crops and livestock products","149","Nepal","5622","Import Value","32","Rice, broken","2001","2001","1000 US$","0","F","FAO estimate"
"TP","Crops and livestock products","149","Nepal","5622","Import Value","32","Rice, broken","2002","2002","1000 US$","55","*","Unofficial figure"
"TP","Crops and livestock products","149","Nepal","5622","Import Value","32","Rice, broken","2003","2003","1000 US$","655","","Official data"
"TP","Crops and livestock products","149","Nepal","5622","Import Value","32","Rice, broken","2004","2004","1000 US$","374","R","Estimated data using trading partners database"
"TP","Crops and livestock products","149","Nepal","5622","Import Value","32","Rice, broken","2005","2005","1000 US$","1658","R","Estimated data using trading partners database"
"TP","Crops and livestock products","149","Nepal","5622","Import Value","32","Rice, broken","2006","2006","1000 US$","3666","R","Estimated data using trading partners database"
"TP","Crops and livestock products","149","Nepal","5622","Import Value","32","Rice, broken","2007","2007","1000 US$","9669","R","Estimated data using trading partners database"
"TP","Crops and livestock products","149","Nepal","5622","Import Value","32","Rice, broken","2008","2008","1000 US$","302","R","Estimated data using trading partners database"
"TP","Crops and livestock products","149","Nepal","5622","Import Value","32","Rice, broken","2009","2009","1000 US$","398","","Official data"
"TP","Crops and livestock products","149","Nepal","5622","Import Value","32","Rice, broken","2010","2010","1000 US$","1480","","Official data"
"TP","Crops and livestock products","149","Nepal","5622","Import Value","32","Rice, broken","2011","2011","1000 US$","1825","","Official data"
"TP","Crops and livestock products","149","Nepal","5622","Import Value","32","Rice, broken","2012","2012","1000 US$","1198","","Official data"
"TP","Crops and livestock products","149","Nepal","5622","Import Value","32","Rice, broken","2013","2013","1000 US$","3739","","Official data"
"TP","Crops and livestock products","149","Nepal","5622","Import Value","32","Rice, broken","2014","2014","1000 US$","7515","","Official data"
"TP","Crops and livestock products","149","Nepal","5622","Import Value","32","Rice, broken","2015","2015","1000 US$","9675","","Official data"
"TP","Crops and livestock products","149","Nepal","5622","Import Value","32","Rice, broken","2016","2016","1000 US$","10725","","Official data"
"TP","Crops and livestock products","149","Nepal","5622","Import Value","32","Rice, broken","2017","2017","1000 US$","7139","","Official data"
"TP","Crops and livestock products","149","Nepal","5622","Import Value","32","Rice, broken","2018","2018","1000 US$","8296","","Official data"
"TP","Crops and livestock products","149","Nepal","5910","Export Quantity","32","Rice, broken","2000","2000","tonnes","0","F","FAO estimate"
"TP","Crops and livestock products","149","Nepal","5910","Export Quantity","32","Rice, broken","2001","2001","tonnes","0","F","FAO estimate"
"TP","Crops and livestock products","149","Nepal","5910","Export Quantity","32","Rice, broken","2002","2002","tonnes","0","F","FAO estimate"
"TP","Crops and livestock products","149","Nepal","5910","Export Quantity","32","Rice, broken","2003","2003","tonnes","0","","Official data"
"TP","Crops and livestock products","149","Nepal","5910","Export Quantity","32","Rice, broken","2004","2004","tonnes","0","F","FAO estimate"
"TP","Crops and livestock products","149","Nepal","5910","Export Quantity","32","Rice, broken","2005","2005","tonnes","0","F","FAO estimate"
"TP","Crops and livestock products","149","Nepal","5910","Export Quantity","32","Rice, broken","2006","2006","tonnes","0","F","FAO estimate"
"TP","Crops and livestock products","149","Nepal","5910","Export Quantity","32","Rice, broken","2007","2007","tonnes","0","F","FAO estimate"
"TP","Crops and livestock products","149","Nepal","5910","Export Quantity","32","Rice, broken","2008","2008","tonnes","0","F","FAO estimate"
"TP","Crops and livestock products","149","Nepal","5910","Export Quantity","32","Rice, broken","2009","2009","tonnes","0","F","FAO estimate"
"TP","Crops and livestock products","149","Nepal","5910","Export Quantity","32","Rice, broken","2010","2010","tonnes","0","F","FAO estimate"
"TP","Crops and livestock products","149","Nepal","5910","Export Quantity","32","Rice, broken","2011","2011","tonnes","0","F","FAO estimate"
"TP","Crops and livestock products","149","Nepal","5910","Export Quantity","32","Rice, broken","2012","2012","tonnes","0","F","FAO estimate"
"TP","Crops and livestock products","149","Nepal","5910","Export Quantity","32","Rice, broken","2013","2013","tonnes","0","","Official data"
"TP","Crops and livestock products","149","Nepal","5922","Export Value","32","Rice, broken","2000","2000","1000 US$","0","F","FAO estimate"
"TP","Crops and livestock products","149","Nepal","5922","Export Value","32","Rice, broken","2001","2001","1000 US$","0","F","FAO estimate"
"TP","Crops and livestock products","149","Nepal","5922","Export Value","32","Rice, broken","2002","2002","1000 US$","0","F","FAO estimate"
"TP","Crops and livestock products","149","Nepal","5922","Export Value","32","Rice, broken","2003","2003","1000 US$","1","","Official data"
"TP","Crops and livestock products","149","Nepal","5922","Export Value","32","Rice, broken","2004","2004","1000 US$","0","F","FAO estimate"
"TP","Crops and livestock products","149","Nepal","5922","Export Value","32","Rice, broken","2005","2005","1000 US$","0","F","FAO estimate"
"TP","Crops and livestock products","149","Nepal","5922","Export Value","32","Rice, broken","2006","2006","1000 US$","0","F","FAO estimate"
"TP","Crops and livestock products","149","Nepal","5922","Export Value","32","Rice, broken","2007","2007","1000 US$","0","F","FAO estimate"
"TP","Crops and livestock products","149","Nepal","5922","Export Value","32","Rice, broken","2008","2008","1000 US$","0","F","FAO estimate"
"TP","Crops and livestock products","149","Nepal","5922","Export Value","32","Rice, broken","2009","2009","1000 US$","0","F","FAO estimate"
"TP","Crops and livestock products","149","Nepal","5922","Export Value","32","Rice, broken","2010","2010","1000 US$","0","F","FAO estimate"
"TP","Crops and livestock products","149","Nepal","5922","Export Value","32","Rice, broken","2011","2011","1000 US$","0","F","FAO estimate"
"TP","Crops and livestock products","149","Nepal","5922","Export Value","32","Rice, broken","2012","2012","1000 US$","0","F","FAO estimate"
"TP","Crops and livestock products","149","Nepal","5922","Export Value","32","Rice, broken","2013","2013","1000 US$","0","","Official data"
"TP","Crops and livestock products","149","Nepal","5610","Import Quantity","28","Rice, husked","2000","2000","tonnes","0","F","FAO estimate"
"TP","Crops and livestock products","149","Nepal","5610","Import Quantity","28","Rice, husked","2001","2001","tonnes","0","F","FAO estimate"
"TP","Crops and livestock products","149","Nepal","5610","Import Quantity","28","Rice, husked","2002","2002","tonnes","0","F","FAO estimate"
"TP","Crops and livestock products","149","Nepal","5610","Import Quantity","28","Rice, husked","2003","2003","tonnes","675","","Official data"
"TP","Crops and livestock products","149","Nepal","5610","Import Quantity","28","Rice, husked","2004","2004","tonnes","4","R","Estimated data using trading partners database"
"TP","Crops and livestock products","149","Nepal","5610","Import Quantity","28","Rice, husked","2005","2005","tonnes","1458","R","Estimated data using trading partners database"
"TP","Crops and livestock products","149","Nepal","5610","Import Quantity","28","Rice, husked","2006","2006","tonnes","15","R","Estimated data using trading partners database"
"TP","Crops and livestock products","149","Nepal","5610","Import Quantity","28","Rice, husked","2007","2007","tonnes","3084","R","Estimated data using trading partners database"
"TP","Crops and livestock products","149","Nepal","5610","Import Quantity","28","Rice, husked","2008","2008","tonnes","1862","R","Estimated data using trading partners database"
"TP","Crops and livestock products","149","Nepal","5610","Import Quantity","28","Rice, husked","2009","2009","tonnes","55","","Official data"
"TP","Crops and livestock products","149","Nepal","5610","Import Quantity","28","Rice, husked","2010","2010","tonnes","557","","Official data"
"TP","Crops and livestock products","149","Nepal","5610","Import Quantity","28","Rice, husked","2011","2011","tonnes","1297","","Official data"
"TP","Crops and livestock products","149","Nepal","5610","Import Quantity","28","Rice, husked","2012","2012","tonnes","2052","","Official data"
"TP","Crops and livestock products","149","Nepal","5610","Import Quantity","28","Rice, husked","2013","2013","tonnes","237","","Official data"
"TP","Crops and livestock products","149","Nepal","5610","Import Quantity","28","Rice, husked","2014","2014","tonnes","714","","Official data"
"TP","Crops and livestock products","149","Nepal","5610","Import Quantity","28","Rice, husked","2015","2015","tonnes","3175","","Official data"
"TP","Crops and livestock products","149","Nepal","5610","Import Quantity","28","Rice, husked","2016","2016","tonnes","7063","","Official data"
"TP","Crops and livestock products","149","Nepal","5610","Import Quantity","28","Rice, husked","2017","2017","tonnes","375","","Official data"
"TP","Crops and livestock products","149","Nepal","5622","Import Value","28","Rice, husked","2000","2000","1000 US$","0","F","FAO estimate"
"TP","Crops and livestock products","149","Nepal","5622","Import Value","28","Rice, husked","2001","2001","1000 US$","0","F","FAO estimate"
"TP","Crops and livestock products","149","Nepal","5622","Import Value","28","Rice, husked","2002","2002","1000 US$","0","F","FAO estimate"
"TP","Crops and livestock products","149","Nepal","5622","Import Value","28","Rice, husked","2003","2003","1000 US$","68","","Official data"
"TP","Crops and livestock products","149","Nepal","5622","Import Value","28","Rice, husked","2004","2004","1000 US$","1","R","Estimated data using trading partners database"
"TP","Crops and livestock products","149","Nepal","5622","Import Value","28","Rice, husked","2005","2005","1000 US$","409","R","Estimated data using trading partners database"
"TP","Crops and livestock products","149","Nepal","5622","Import Value","28","Rice, husked","2006","2006","1000 US$","1","R","Estimated data using trading partners database"
"TP","Crops and livestock products","149","Nepal","5622","Import Value","28","Rice, husked","2007","2007","1000 US$","1205","R","Estimated data using trading partners database"
"TP","Crops and livestock products","149","Nepal","5622","Import Value","28","Rice, husked","2008","2008","1000 US$","885","R","Estimated data using trading partners database"
"TP","Crops and livestock products","149","Nepal","5622","Import Value","28","Rice, husked","2009","2009","1000 US$","10","","Official data"
"TP","Crops and livestock products","149","Nepal","5622","Import Value","28","Rice, husked","2010","2010","1000 US$","89","","Official data"
"TP","Crops and livestock products","149","Nepal","5622","Import Value","28","Rice, husked","2011","2011","1000 US$","589","","Official data"
"TP","Crops and livestock products","149","Nepal","5622","Import Value","28","Rice, husked","2012","2012","1000 US$","1251","","Official data"
"TP","Crops and livestock products","149","Nepal","5622","Import Value","28","Rice, husked","2013","2013","1000 US$","175","","Official data"
"TP","Crops and livestock products","149","Nepal","5622","Import Value","28","Rice, husked","2014","2014","1000 US$","552","","Official data"
"TP","Crops and livestock products","149","Nepal","5622","Import Value","28","Rice, husked","2015","2015","1000 US$","929","","Official data"
"TP","Crops and livestock products","149","Nepal","5622","Import Value","28","Rice, husked","2016","2016","1000 US$","3388","","Official data"
"TP","Crops and livestock products","149","Nepal","5622","Import Value","28","Rice, husked","2017","2017","1000 US$","209","","Official data"
"TP","Crops and livestock products","149","Nepal","5910","Export Quantity","28","Rice, husked","2000","2000","tonnes","0","F","FAO estimate"
"TP","Crops and livestock products","149","Nepal","5910","Export Quantity","28","Rice, husked","2001","2001","tonnes","","M","Data not available"
"TP","Crops and livestock products","149","Nepal","5910","Export Quantity","28","Rice, husked","2002","2002","tonnes","","M","Data not available"
"TP","Crops and livestock products","149","Nepal","5910","Export Quantity","28","Rice, husked","2003","2003","tonnes","49","","Official data"
"TP","Crops and livestock products","149","Nepal","5910","Export Quantity","28","Rice, husked","2004","2004","tonnes","0","F","FAO estimate"
"TP","Crops and livestock products","149","Nepal","5910","Export Quantity","28","Rice, husked","2005","2005","tonnes","0","F","FAO estimate"
"TP","Crops and livestock products","149","Nepal","5910","Export Quantity","28","Rice, husked","2006","2006","tonnes","0","F","FAO estimate"
"TP","Crops and livestock products","149","Nepal","5910","Export Quantity","28","Rice, husked","2007","2007","tonnes","0","F","FAO estimate"
"TP","Crops and livestock products","149","Nepal","5910","Export Quantity","28","Rice, husked","2008","2008","tonnes","0","F","FAO estimate"
"TP","Crops and livestock products","149","Nepal","5910","Export Quantity","28","Rice, husked","2009","2009","tonnes","0","F","FAO estimate"
"TP","Crops and livestock products","149","Nepal","5910","Export Quantity","28","Rice, husked","2010","2010","tonnes","9","","Official data"
"TP","Crops and livestock products","149","Nepal","5910","Export Quantity","28","Rice, husked","2011","2011","tonnes","0","*","Unofficial figure"
"TP","Crops and livestock products","149","Nepal","5910","Export Quantity","28","Rice, husked","2012","2012","tonnes","0","","Official data"
"TP","Crops and livestock products","149","Nepal","5910","Export Quantity","28","Rice, husked","2013","2013","tonnes","1","","Official data"
"TP","Crops and livestock products","149","Nepal","5910","Export Quantity","28","Rice, husked","2016","2016","tonnes","1","","Official data"
"TP","Crops and livestock products","149","Nepal","5910","Export Quantity","28","Rice, husked","2017","2017","tonnes","1","","Official data"
"TP","Crops and livestock products","149","Nepal","5910","Export Quantity","28","Rice, husked","2018","2018","tonnes","2","*","Unofficial figure"
"TP","Crops and livestock products","149","Nepal","5922","Export Value","28","Rice, husked","2000","2000","1000 US$","0","F","FAO estimate"
"TP","Crops and livestock products","149","Nepal","5922","Export Value","28","Rice, husked","2001","2001","1000 US$","0","F","FAO estimate"
"TP","Crops and livestock products","149","Nepal","5922","Export Value","28","Rice, husked","2002","2002","1000 US$","0","F","FAO estimate"
"TP","Crops and livestock products","149","Nepal","5922","Export Value","28","Rice, husked","2003","2003","1000 US$","19","","Official data"
"TP","Crops and livestock products","149","Nepal","5922","Export Value","28","Rice, husked","2004","2004","1000 US$","0","F","FAO estimate"
"TP","Crops and livestock products","149","Nepal","5922","Export Value","28","Rice, husked","2005","2005","1000 US$","0","F","FAO estimate"
"TP","Crops and livestock products","149","Nepal","5922","Export Value","28","Rice, husked","2006","2006","1000 US$","0","F","FAO estimate"
"TP","Crops and livestock products","149","Nepal","5922","Export Value","28","Rice, husked","2007","2007","1000 US$","0","F","FAO estimate"
"TP","Crops and livestock products","149","Nepal","5922","Export Value","28","Rice, husked","2008","2008","1000 US$","0","F","FAO estimate"
"TP","Crops and livestock products","149","Nepal","5922","Export Value","28","Rice, husked","2009","2009","1000 US$","0","F","FAO estimate"
"TP","Crops and livestock products","149","Nepal","5922","Export Value","28","Rice, husked","2010","2010","1000 US$","3","","Official data"
"TP","Crops and livestock products","149","Nepal","5922","Export Value","28","Rice, husked","2011","2011","1000 US$","0","*","Unofficial figure"
"TP","Crops and livestock products","149","Nepal","5922","Export Value","28","Rice, husked","2012","2012","1000 US$","0","","Official data"
"TP","Crops and livestock products","149","Nepal","5922","Export Value","28","Rice, husked","2013","2013","1000 US$","0","","Official data"
"TP","Crops and livestock products","149","Nepal","5922","Export Value","28","Rice, husked","2016","2016","1000 US$","2","","Official data"
"TP","Crops and livestock products","149","Nepal","5922","Export Value","28","Rice, husked","2017","2017","1000 US$","1","","Official data"
"TP","Crops and livestock products","149","Nepal","5922","Export Value","28","Rice, husked","2018","2018","1000 US$","2","*","Unofficial figure"
"TP","Crops and livestock products","149","Nepal","5610","Import Quantity","31","Rice, milled","2000","2000","tonnes","195000","F","FAO estimate"
"TP","Crops and livestock products","149","Nepal","5610","Import Quantity","31","Rice, milled","2001","2001","tonnes","44000","F","FAO estimate"
"TP","Crops and livestock products","149","Nepal","5610","Import Quantity","31","Rice, milled","2002","2002","tonnes","15000","*","Unofficial figure"
"TP","Crops and livestock products","149","Nepal","5610","Import Quantity","31","Rice, milled","2003","2003","tonnes","45593","","Official data"
"TP","Crops and livestock products","149","Nepal","5610","Import Quantity","31","Rice, milled","2004","2004","tonnes","28600","F","FAO estimate"
"TP","Crops and livestock products","149","Nepal","5610","Import Quantity","31","Rice, milled","2005","2005","tonnes","25000","F","FAO estimate"
"TP","Crops and livestock products","149","Nepal","5610","Import Quantity","31","Rice, milled","2006","2006","tonnes","127634","R","Estimated data using trading partners database"
"TP","Crops and livestock products","149","Nepal","5610","Import Quantity","31","Rice, milled","2007","2007","tonnes","156326","R","Estimated data using trading partners database"
"TP","Crops and livestock products","149","Nepal","5610","Import Quantity","31","Rice, milled","2008","2008","tonnes","87453","","Official data"
"TP","Crops and livestock products","149","Nepal","5610","Import Quantity","31","Rice, milled","2009","2009","tonnes","96825","","Official data"
"TP","Crops and livestock products","149","Nepal","5610","Import Quantity","31","Rice, milled","2010","2010","tonnes","79087","","Official data"
"TP","Crops and livestock products","149","Nepal","5610","Import Quantity","31","Rice, milled","2011","2011","tonnes","107862","","Official data"
"TP","Crops and livestock products","149","Nepal","5610","Import Quantity","31","Rice, milled","2012","2012","tonnes","200241","","Official data"
"TP","Crops and livestock products","149","Nepal","5610","Import Quantity","31","Rice, milled","2013","2013","tonnes","196348","","Official data"
"TP","Crops and livestock products","149","Nepal","5610","Import Quantity","31","Rice, milled","2014","2014","tonnes","340757","","Official data"
"TP","Crops and livestock products","149","Nepal","5610","Import Quantity","31","Rice, milled","2015","2015","tonnes","333142","","Official data"
"TP","Crops and livestock products","149","Nepal","5610","Import Quantity","31","Rice, milled","2016","2016","tonnes","423728","","Official data"
"TP","Crops and livestock products","149","Nepal","5610","Import Quantity","31","Rice, milled","2017","2017","tonnes","420364","","Official data"
"TP","Crops and livestock products","149","Nepal","5610","Import Quantity","31","Rice, milled","2018","2018","tonnes","473715","R","Estimated data using trading partners database"
"TP","Crops and livestock products","149","Nepal","5622","Import Value","31","Rice, milled","2000","2000","1000 US$","42748","","Official data"
"TP","Crops and livestock products","149","Nepal","5622","Import Value","31","Rice, milled","2001","2001","1000 US$","5519","","Official data"
"TP","Crops and livestock products","149","Nepal","5622","Import Value","31","Rice, milled","2002","2002","1000 US$","2800","","Official data"
"TP","Crops and livestock products","149","Nepal","5622","Import Value","31","Rice, milled","2003","2003","1000 US$","8853","","Official data"
"TP","Crops and livestock products","149","Nepal","5622","Import Value","31","Rice, milled","2004","2004","1000 US$","7792","","Official data"
"TP","Crops and livestock products","149","Nepal","5622","Import Value","31","Rice, milled","2005","2005","1000 US$","5713","","Official data"
"TP","Crops and livestock products","149","Nepal","5622","Import Value","31","Rice, milled","2006","2006","1000 US$","32477","R","Estimated data using trading partners database"
"TP","Crops and livestock products","149","Nepal","5622","Import Value","31","Rice, milled","2007","2007","1000 US$","55073","R","Estimated data using trading partners database"
"TP","Crops and livestock products","149","Nepal","5622","Import Value","31","Rice, milled","2008","2008","1000 US$","20826","","Official data"
"TP","Crops and livestock products","149","Nepal","5622","Import Value","31","Rice, milled","2009","2009","1000 US$","22988","","Official data"
"TP","Crops and livestock products","149","Nepal","5622","Import Value","31","Rice, milled","2010","2010","1000 US$","31164","","Official data"
"TP","Crops and livestock products","149","Nepal","5622","Import Value","31","Rice, milled","2011","2011","1000 US$","35623","","Official data"
"TP","Crops and livestock products","149","Nepal","5622","Import Value","31","Rice, milled","2012","2012","1000 US$","72318","","Official data"
"TP","Crops and livestock products","149","Nepal","5622","Import Value","31","Rice, milled","2013","2013","1000 US$","76277","","Official data"
"TP","Crops and livestock products","149","Nepal","5622","Import Value","31","Rice, milled","2014","2014","1000 US$","144744","","Official data"
"TP","Crops and livestock products","149","Nepal","5622","Import Value","31","Rice, milled","2015","2015","1000 US$","141168","","Official data"
"TP","Crops and livestock products","149","Nepal","5622","Import Value","31","Rice, milled","2016","2016","1000 US$","191676","","Official data"
"TP","Crops and livestock products","149","Nepal","5622","Import Value","31","Rice, milled","2017","2017","1000 US$","192484","","Official data"
"TP","Crops and livestock products","149","Nepal","5622","Import Value","31","Rice, milled","2018","2018","1000 US$","229068","R","Estimated data using trading partners database"
"TP","Crops and livestock products","149","Nepal","5910","Export Quantity","31","Rice, milled","2000","2000","tonnes","0","","Official data"
"TP","Crops and livestock products","149","Nepal","5910","Export Quantity","31","Rice, milled","2001","2001","tonnes","800","F","FAO estimate"
"TP","Crops and livestock products","149","Nepal","5910","Export Quantity","31","Rice, milled","2002","2002","tonnes","800","*","Unofficial figure"
"TP","Crops and livestock products","149","Nepal","5910","Export Quantity","31","Rice, milled","2003","2003","tonnes","5667","*","Unofficial figure"
"TP","Crops and livestock products","149","Nepal","5910","Export Quantity","31","Rice, milled","2004","2004","tonnes","0","F","FAO estimate"
"TP","Crops and livestock products","149","Nepal","5910","Export Quantity","31","Rice, milled","2005","2005","tonnes","0","F","FAO estimate"
"TP","Crops and livestock products","149","Nepal","5910","Export Quantity","31","Rice, milled","2006","2006","tonnes","0","R","Estimated data using trading partners database"
"TP","Crops and livestock products","149","Nepal","5910","Export Quantity","31","Rice, milled","2007","2007","tonnes","0","F","FAO estimate"
"TP","Crops and livestock products","149","Nepal","5910","Export Quantity","31","Rice, milled","2008","2008","tonnes","0","F","FAO estimate"
"TP","Crops and livestock products","149","Nepal","5910","Export Quantity","31","Rice, milled","2009","2009","tonnes","2019","","Official data"
"TP","Crops and livestock products","149","Nepal","5910","Export Quantity","31","Rice, milled","2010","2010","tonnes","350","","Official data"
"TP","Crops and livestock products","149","Nepal","5910","Export Quantity","31","Rice, milled","2011","2011","tonnes","300","","Official data"
"TP","Crops and livestock products","149","Nepal","5910","Export Quantity","31","Rice, milled","2012","2012","tonnes","252","","Official data"
"TP","Crops and livestock products","149","Nepal","5910","Export Quantity","31","Rice, milled","2013","2013","tonnes","173","","Official data"
"TP","Crops and livestock products","149","Nepal","5910","Export Quantity","31","Rice, milled","2014","2014","tonnes","3","","Official data"
"TP","Crops and livestock products","149","Nepal","5910","Export Quantity","31","Rice, milled","2017","2017","tonnes","0","","Official data"
"TP","Crops and livestock products","149","Nepal","5910","Export Quantity","31","Rice, milled","2018","2018","tonnes","4","*","Unofficial figure"
"TP","Crops and livestock products","149","Nepal","5922","Export Value","31","Rice, milled","2000","2000","1000 US$","0","","Official data"
"TP","Crops and livestock products","149","Nepal","5922","Export Value","31","Rice, milled","2001","2001","1000 US$","221","","Official data"
"TP","Crops and livestock products","149","Nepal","5922","Export Value","31","Rice, milled","2002","2002","1000 US$","146","*","Unofficial figure"
"TP","Crops and livestock products","149","Nepal","5922","Export Value","31","Rice, milled","2003","2003","1000 US$","649","","Official data"
"TP","Crops and livestock products","149","Nepal","5922","Export Value","31","Rice, milled","2004","2004","1000 US$","0","F","FAO estimate"
"TP","Crops and livestock products","149","Nepal","5922","Export Value","31","Rice, milled","2005","2005","1000 US$","0","F","FAO estimate"
"TP","Crops and livestock products","149","Nepal","5922","Export Value","31","Rice, milled","2006","2006","1000 US$","0","R","Estimated data using trading partners database"
"TP","Crops and livestock products","149","Nepal","5922","Export Value","31","Rice, milled","2007","2007","1000 US$","0","F","FAO estimate"
"TP","Crops and livestock products","149","Nepal","5922","Export Value","31","Rice, milled","2008","2008","1000 US$","0","F","FAO estimate"
"TP","Crops and livestock products","149","Nepal","5922","Export Value","31","Rice, milled","2009","2009","1000 US$","1056","","Official data"
"TP","Crops and livestock products","149","Nepal","5922","Export Value","31","Rice, milled","2010","2010","1000 US$","162","","Official data"
"TP","Crops and livestock products","149","Nepal","5922","Export Value","31","Rice, milled","2011","2011","1000 US$","80","","Official data"
"TP","Crops and livestock products","149","Nepal","5922","Export Value","31","Rice, milled","2012","2012","1000 US$","129","","Official data"
"TP","Crops and livestock products","149","Nepal","5922","Export Value","31","Rice, milled","2013","2013","1000 US$","31","","Official data"
"TP","Crops and livestock products","149","Nepal","5922","Export Value","31","Rice, milled","2014","2014","1000 US$","23","","Official data"
"TP","Crops and livestock products","149","Nepal","5922","Export Value","31","Rice, milled","2017","2017","1000 US$","1","","Official data"
"TP","Crops and livestock products","149","Nepal","5922","Export Value","31","Rice, milled","2018","2018","1000 US$","8","*","Unofficial figure"
"TP","Crops and livestock products","149","Nepal","5610","Import Quantity","29","Rice, milled/husked","2018","2018","tonnes","3237","Im","FAO data based on imputation methodology"
"TP","Crops and livestock products","149","Nepal","5622","Import Value","29","Rice, milled/husked","2018","2018","1000 US$","1436","R","Estimated data using trading partners database"
"TP","Crops and livestock products","149","Nepal","5910","Export Quantity","29","Rice, milled/husked","2018","2018","tonnes","1","*","Unofficial figure"
"TP","Crops and livestock products","149","Nepal","5922","Export Value","29","Rice, milled/husked","2018","2018","1000 US$","2","*","Unofficial figure"
"TP","Crops and livestock products","149","Nepal","5610","Import Quantity","27","Rice, paddy","2000","2000","tonnes","0","F","FAO estimate"
"TP","Crops and livestock products","149","Nepal","5610","Import Quantity","27","Rice, paddy","2001","2001","tonnes","100","*","Unofficial figure"
"TP","Crops and livestock products","149","Nepal","5610","Import Quantity","27","Rice, paddy","2002","2002","tonnes","4494","*","Unofficial figure"
"TP","Crops and livestock products","149","Nepal","5610","Import Quantity","27","Rice, paddy","2003","2003","tonnes","4223","","Official data"
"TP","Crops and livestock products","149","Nepal","5610","Import Quantity","27","Rice, paddy","2004","2004","tonnes","275","R","Estimated data using trading partners database"
"TP","Crops and livestock products","149","Nepal","5610","Import Quantity","27","Rice, paddy","2005","2005","tonnes","18000","*","Unofficial figure"
"TP","Crops and livestock products","149","Nepal","5610","Import Quantity","27","Rice, paddy","2006","2006","tonnes","17703","R","Estimated data using trading partners database"
"TP","Crops and livestock products","149","Nepal","5610","Import Quantity","27","Rice, paddy","2007","2007","tonnes","42457","R","Estimated data using trading partners database"
"TP","Crops and livestock products","149","Nepal","5610","Import Quantity","27","Rice, paddy","2008","2008","tonnes","3127","R","Estimated data using trading partners database"
"TP","Crops and livestock products","149","Nepal","5610","Import Quantity","27","Rice, paddy","2009","2009","tonnes","3433","","Official data"
"TP","Crops and livestock products","149","Nepal","5610","Import Quantity","27","Rice, paddy","2010","2010","tonnes","13224","","Official data"
"TP","Crops and livestock products","149","Nepal","5610","Import Quantity","27","Rice, paddy","2011","2011","tonnes","65840","","Official data"
"TP","Crops and livestock products","149","Nepal","5610","Import Quantity","27","Rice, paddy","2012","2012","tonnes","242573","","Official data"
"TP","Crops and livestock products","149","Nepal","5610","Import Quantity","27","Rice, paddy","2013","2013","tonnes","168712","","Official data"
"TP","Crops and livestock products","149","Nepal","5610","Import Quantity","27","Rice, paddy","2014","2014","tonnes","231722","","Official data"
"TP","Crops and livestock products","149","Nepal","5610","Import Quantity","27","Rice, paddy","2015","2015","tonnes","241501","","Official data"
"TP","Crops and livestock products","149","Nepal","5610","Import Quantity","27","Rice, paddy","2016","2016","tonnes","118637","","Official data"
"TP","Crops and livestock products","149","Nepal","5610","Import Quantity","27","Rice, paddy","2017","2017","tonnes","186043","","Official data"
"TP","Crops and livestock products","149","Nepal","5610","Import Quantity","27","Rice, paddy","2018","2018","tonnes","220615","R","Estimated data using trading partners database"
"TP","Crops and livestock products","149","Nepal","5622","Import Value","27","Rice, paddy","2000","2000","1000 US$","0","F","FAO estimate"
"TP","Crops and livestock products","149","Nepal","5622","Import Value","27","Rice, paddy","2001","2001","1000 US$","90","F","FAO estimate"
"TP","Crops and livestock products","149","Nepal","5622","Import Value","27","Rice, paddy","2002","2002","1000 US$","800","F","FAO estimate"
"TP","Crops and livestock products","149","Nepal","5622","Import Value","27","Rice, paddy","2003","2003","1000 US$","1283","","Official data"
"TP","Crops and livestock products","149","Nepal","5622","Import Value","27","Rice, paddy","2004","2004","1000 US$","31","R","Estimated data using trading partners database"
"TP","Crops and livestock products","149","Nepal","5622","Import Value","27","Rice, paddy","2005","2005","1000 US$","5500","F","FAO estimate"
"TP","Crops and livestock products","149","Nepal","5622","Import Value","27","Rice, paddy","2006","2006","1000 US$","1857","R","Estimated data using trading partners database"
"TP","Crops and livestock products","149","Nepal","5622","Import Value","27","Rice, paddy","2007","2007","1000 US$","5715","R","Estimated data using trading partners database"
"TP","Crops and livestock products","149","Nepal","5622","Import Value","27","Rice, paddy","2008","2008","1000 US$","528","R","Estimated data using trading partners database"
"TP","Crops and livestock products","149","Nepal","5622","Import Value","27","Rice, paddy","2009","2009","1000 US$","550","","Official data"
"TP","Crops and livestock products","149","Nepal","5622","Import Value","27","Rice, paddy","2010","2010","1000 US$","3298","","Official data"
"TP","Crops and livestock products","149","Nepal","5622","Import Value","27","Rice, paddy","2011","2011","1000 US$","11381","","Official data"
"TP","Crops and livestock products","149","Nepal","5622","Import Value","27","Rice, paddy","2012","2012","1000 US$","41917","","Official data"
"TP","Crops and livestock products","149","Nepal","5622","Import Value","27","Rice, paddy","2013","2013","1000 US$","37109","","Official data"
"TP","Crops and livestock products","149","Nepal","5622","Import Value","27","Rice, paddy","2014","2014","1000 US$","62617","","Official data"
"TP","Crops and livestock products","149","Nepal","5622","Import Value","27","Rice, paddy","2015","2015","1000 US$","62075","","Official data"
"TP","Crops and livestock products","149","Nepal","5622","Import Value","27","Rice, paddy","2016","2016","1000 US$","29239","","Official data"
"TP","Crops and livestock products","149","Nepal","5622","Import Value","27","Rice, paddy","2017","2017","1000 US$","46774","","Official data"
"TP","Crops and livestock products","149","Nepal","5622","Import Value","27","Rice, paddy","2018","2018","1000 US$","63286","R","Estimated data using trading partners database"
"TP","Crops and livestock products","149","Nepal","5910","Export Quantity","27","Rice, paddy","2000","2000","tonnes","0","F","FAO estimate"
"TP","Crops and livestock products","149","Nepal","5910","Export Quantity","27","Rice, paddy","2001","2001","tonnes","0","F","FAO estimate"
"TP","Crops and livestock products","149","Nepal","5910","Export Quantity","27","Rice, paddy","2002","2002","tonnes","0","F","FAO estimate"
"TP","Crops and livestock products","149","Nepal","5910","Export Quantity","27","Rice, paddy","2003","2003","tonnes","45","","Official data"
"TP","Crops and livestock products","149","Nepal","5910","Export Quantity","27","Rice, paddy","2004","2004","tonnes","0","R","Estimated data using trading partners database"
"TP","Crops and livestock products","149","Nepal","5910","Export Quantity","27","Rice, paddy","2005","2005","tonnes","0","F","FAO estimate"
"TP","Crops and livestock products","149","Nepal","5910","Export Quantity","27","Rice, paddy","2006","2006","tonnes","0","F","FAO estimate"
"TP","Crops and livestock products","149","Nepal","5910","Export Quantity","27","Rice, paddy","2007","2007","tonnes","0","F","FAO estimate"
"TP","Crops and livestock products","149","Nepal","5910","Export Quantity","27","Rice, paddy","2008","2008","tonnes","0","F","FAO estimate"
"TP","Crops and livestock products","149","Nepal","5910","Export Quantity","27","Rice, paddy","2009","2009","tonnes","0","","Official data"
"TP","Crops and livestock products","149","Nepal","5910","Export Quantity","27","Rice, paddy","2010","2010","tonnes","5","","Official data"
"TP","Crops and livestock products","149","Nepal","5910","Export Quantity","27","Rice, paddy","2011","2011","tonnes","0","*","Unofficial figure"
"TP","Crops and livestock products","149","Nepal","5910","Export Quantity","27","Rice, paddy","2012","2012","tonnes","22","","Official data"
"TP","Crops and livestock products","149","Nepal","5910","Export Quantity","27","Rice, paddy","2013","2013","tonnes","0","*","Unofficial figure"
"TP","Crops and livestock products","149","Nepal","5910","Export Quantity","27","Rice, paddy","2017","2017","tonnes","0","","Official data"
"TP","Crops and livestock products","149","Nepal","5910","Export Quantity","27","Rice, paddy","2018","2018","tonnes","32","*","Unofficial figure"
"TP","Crops and livestock products","149","Nepal","5922","Export Value","27","Rice, paddy","2000","2000","1000 US$","0","F","FAO estimate"
"TP","Crops and livestock products","149","Nepal","5922","Export Value","27","Rice, paddy","2001","2001","1000 US$","0","F","FAO estimate"
"TP","Crops and livestock products","149","Nepal","5922","Export Value","27","Rice, paddy","2002","2002","1000 US$","0","F","FAO estimate"
"TP","Crops and livestock products","149","Nepal","5922","Export Value","27","Rice, paddy","2003","2003","1000 US$","8","","Official data"
"TP","Crops and livestock products","149","Nepal","5922","Export Value","27","Rice, paddy","2004","2004","1000 US$","0","R","Estimated data using trading partners database"
"TP","Crops and livestock products","149","Nepal","5922","Export Value","27","Rice, paddy","2005","2005","1000 US$","0","F","FAO estimate"
"TP","Crops and livestock products","149","Nepal","5922","Export Value","27","Rice, paddy","2006","2006","1000 US$","0","F","FAO estimate"
"TP","Crops and livestock products","149","Nepal","5922","Export Value","27","Rice, paddy","2007","2007","1000 US$","0","F","FAO estimate"
"TP","Crops and livestock products","149","Nepal","5922","Export Value","27","Rice, paddy","2008","2008","1000 US$","0","F","FAO estimate"
"TP","Crops and livestock products","149","Nepal","5922","Export Value","27","Rice, paddy","2009","2009","1000 US$","0","","Official data"
"TP","Crops and livestock products","149","Nepal","5922","Export Value","27","Rice, paddy","2010","2010","1000 US$","1","","Official data"
"TP","Crops and livestock products","149","Nepal","5922","Export Value","27","Rice, paddy","2011","2011","1000 US$","0","*","Unofficial figure"
"TP","Crops and livestock products","149","Nepal","5922","Export Value","27","Rice, paddy","2012","2012","1000 US$","12","","Official data"
"TP","Crops and livestock products","149","Nepal","5922","Export Value","27","Rice, paddy","2013","2013","1000 US$","0","*","Unofficial figure"
"TP","Crops and livestock products","149","Nepal","5922","Export Value","27","Rice, paddy","2017","2017","1000 US$","4","","Official data"
"TP","Crops and livestock products","149","Nepal","5922","Export Value","27","Rice, paddy","2018","2018","1000 US$","93","*","Unofficial figure"
"TP","Crops and livestock products","149","Nepal","5610","Import Quantity","15","Wheat","2000","2000","tonnes","4000","*","Unofficial figure"
"TP","Crops and livestock products","149","Nepal","5610","Import Quantity","15","Wheat","2001","2001","tonnes","3000","F","FAO estimate"
"TP","Crops and livestock products","149","Nepal","5610","Import Quantity","15","Wheat","2002","2002","tonnes","10000","*","Unofficial figure"
"TP","Crops and livestock products","149","Nepal","5610","Import Quantity","15","Wheat","2003","2003","tonnes","22470","","Official data"
"TP","Crops and livestock products","149","Nepal","5610","Import Quantity","15","Wheat","2004","2004","tonnes","20100","F","FAO estimate"
"TP","Crops and livestock products","149","Nepal","5610","Import Quantity","15","Wheat","2005","2005","tonnes","2762","R","Estimated data using trading partners database"
"TP","Crops and livestock products","149","Nepal","5610","Import Quantity","15","Wheat","2006","2006","tonnes","15206","R","Estimated data using trading partners database"
"TP","Crops and livestock products","149","Nepal","5610","Import Quantity","15","Wheat","2007","2007","tonnes","188","R","Estimated data using trading partners database"
"TP","Crops and livestock products","149","Nepal","5610","Import Quantity","15","Wheat","2008","2008","tonnes","90","R","Estimated data using trading partners database"
"TP","Crops and livestock products","149","Nepal","5610","Import Quantity","15","Wheat","2009","2009","tonnes","1132","","Official data"
"TP","Crops and livestock products","149","Nepal","5610","Import Quantity","15","Wheat","2010","2010","tonnes","1207","","Official data"
"TP","Crops and livestock products","149","Nepal","5610","Import Quantity","15","Wheat","2011","2011","tonnes","824","","Official data"
"TP","Crops and livestock products","149","Nepal","5610","Import Quantity","15","Wheat","2012","2012","tonnes","4765","","Official data"
"TP","Crops and livestock products","149","Nepal","5610","Import Quantity","15","Wheat","2013","2013","tonnes","67803","","Official data"
"TP","Crops and livestock products","149","Nepal","5610","Import Quantity","15","Wheat","2014","2014","tonnes","137214","","Official data"
"TP","Crops and livestock products","149","Nepal","5610","Import Quantity","15","Wheat","2015","2015","tonnes","103705","","Official data"
"TP","Crops and livestock products","149","Nepal","5610","Import Quantity","15","Wheat","2016","2016","tonnes","217105","","Official data"
"TP","Crops and livestock products","149","Nepal","5610","Import Quantity","15","Wheat","2017","2017","tonnes","199626","","Official data"
"TP","Crops and livestock products","149","Nepal","5610","Import Quantity","15","Wheat","2018","2018","tonnes","107467","R","Estimated data using trading partners database"
"TP","Crops and livestock products","149","Nepal","5622","Import Value","15","Wheat","2000","2000","1000 US$","900","F","FAO estimate"
"TP","Crops and livestock products","149","Nepal","5622","Import Value","15","Wheat","2001","2001","1000 US$","600","F","FAO estimate"
"TP","Crops and livestock products","149","Nepal","5622","Import Value","15","Wheat","2002","2002","1000 US$","1700","F","FAO estimate"
"TP","Crops and livestock products","149","Nepal","5622","Import Value","15","Wheat","2003","2003","1000 US$","2497","","Official data"
"TP","Crops and livestock products","149","Nepal","5622","Import Value","15","Wheat","2004","2004","1000 US$","3676","","Official data"
"TP","Crops and livestock products","149","Nepal","5622","Import Value","15","Wheat","2005","2005","1000 US$","535","R","Estimated data using trading partners database"
"TP","Crops and livestock products","149","Nepal","5622","Import Value","15","Wheat","2006","2006","1000 US$","3428","R","Estimated data using trading partners database"
"TP","Crops and livestock products","149","Nepal","5622","Import Value","15","Wheat","2007","2007","1000 US$","46","R","Estimated data using trading partners database"
"TP","Crops and livestock products","149","Nepal","5622","Import Value","15","Wheat","2008","2008","1000 US$","24","R","Estimated data using trading partners database"
"TP","Crops and livestock products","149","Nepal","5622","Import Value","15","Wheat","2009","2009","1000 US$","180","","Official data"
"TP","Crops and livestock products","149","Nepal","5622","Import Value","15","Wheat","2010","2010","1000 US$","351","","Official data"
"TP","Crops and livestock products","149","Nepal","5622","Import Value","15","Wheat","2011","2011","1000 US$","142","","Official data"
"TP","Crops and livestock products","149","Nepal","5622","Import Value","15","Wheat","2012","2012","1000 US$","767","","Official data"
"TP","Crops and livestock products","149","Nepal","5622","Import Value","15","Wheat","2013","2013","1000 US$","16913","","Official data"
"TP","Crops and livestock products","149","Nepal","5622","Import Value","15","Wheat","2014","2014","1000 US$","34066","","Official data"
"TP","Crops and livestock products","149","Nepal","5622","Import Value","15","Wheat","2015","2015","1000 US$","25775","","Official data"
"TP","Crops and livestock products","149","Nepal","5622","Import Value","15","Wheat","2016","2016","1000 US$","54591","","Official data"
"TP","Crops and livestock products","149","Nepal","5622","Import Value","15","Wheat","2017","2017","1000 US$","50593","","Official data"
"TP","Crops and livestock products","149","Nepal","5622","Import Value","15","Wheat","2018","2018","1000 US$","30374","R","Estimated data using trading partners database"
"TP","Crops and livestock products","149","Nepal","5910","Export Quantity","15","Wheat","2000","2000","tonnes","0","F","FAO estimate"
"TP","Crops and livestock products","149","Nepal","5910","Export Quantity","15","Wheat","2001","2001","tonnes","1764","","Official data"
"TP","Crops and livestock products","149","Nepal","5910","Export Quantity","15","Wheat","2002","2002","tonnes","0","*","Unofficial figure"
"TP","Crops and livestock products","149","Nepal","5910","Export Quantity","15","Wheat","2003","2003","tonnes","314","*","Unofficial figure"
"TP","Crops and livestock products","149","Nepal","5910","Export Quantity","15","Wheat","2004","2004","tonnes","222","R","Estimated data using trading partners database"
"TP","Crops and livestock products","149","Nepal","5910","Export Quantity","15","Wheat","2005","2005","tonnes","0","R","Estimated data using trading partners database"
"TP","Crops and livestock products","149","Nepal","5910","Export Quantity","15","Wheat","2006","2006","tonnes","90","R","Estimated data using trading partners database"
"TP","Crops and livestock products","149","Nepal","5910","Export Quantity","15","Wheat","2007","2007","tonnes","75","R","Estimated data using trading partners database"
"TP","Crops and livestock products","149","Nepal","5910","Export Quantity","15","Wheat","2008","2008","tonnes","1557","R","Estimated data using trading partners database"
"TP","Crops and livestock products","149","Nepal","5910","Export Quantity","15","Wheat","2009","2009","tonnes","43957","","Official data"
"TP","Crops and livestock products","149","Nepal","5910","Export Quantity","15","Wheat","2010","2010","tonnes","45","","Official data"
"TP","Crops and livestock products","149","Nepal","5910","Export Quantity","15","Wheat","2011","2011","tonnes","0","*","Unofficial figure"
"TP","Crops and livestock products","149","Nepal","5910","Export Quantity","15","Wheat","2012","2012","tonnes","1","","Official data"
"TP","Crops and livestock products","149","Nepal","5910","Export Quantity","15","Wheat","2013","2013","tonnes","0","*","Unofficial figure"
"TP","Crops and livestock products","149","Nepal","5910","Export Quantity","15","Wheat","2016","2016","tonnes","1","","Official data"
"TP","Crops and livestock products","149","Nepal","5910","Export Quantity","15","Wheat","2018","2018","tonnes","8","*","Unofficial figure"
"TP","Crops and livestock products","149","Nepal","5922","Export Value","15","Wheat","2000","2000","1000 US$","0","F","FAO estimate"
"TP","Crops and livestock products","149","Nepal","5922","Export Value","15","Wheat","2001","2001","1000 US$","219","","Official data"
"TP","Crops and livestock products","149","Nepal","5922","Export Value","15","Wheat","2002","2002","1000 US$","0","*","Unofficial figure"
"TP","Crops and livestock products","149","Nepal","5922","Export Value","15","Wheat","2003","2003","1000 US$","38","","Official data"
"TP","Crops and livestock products","149","Nepal","5922","Export Value","15","Wheat","2004","2004","1000 US$","22","R","Estimated data using trading partners database"
"TP","Crops and livestock products","149","Nepal","5922","Export Value","15","Wheat","2005","2005","1000 US$","0","R","Estimated data using trading partners database"
"TP","Crops and livestock products","149","Nepal","5922","Export Value","15","Wheat","2006","2006","1000 US$","15","R","Estimated data using trading partners database"
"TP","Crops and livestock products","149","Nepal","5922","Export Value","15","Wheat","2007","2007","1000 US$","16","R","Estimated data using trading partners database"
"TP","Crops and livestock products","149","Nepal","5922","Export Value","15","Wheat","2008","2008","1000 US$","569","R","Estimated data using trading partners database"
"TP","Crops and livestock products","149","Nepal","5922","Export Value","15","Wheat","2009","2009","1000 US$","15643","","Official data"
"TP","Crops and livestock products","149","Nepal","5922","Export Value","15","Wheat","2010","2010","1000 US$","5","","Official data"
"TP","Crops and livestock products","149","Nepal","5922","Export Value","15","Wheat","2011","2011","1000 US$","0","*","Unofficial figure"
"TP","Crops and livestock products","149","Nepal","5922","Export Value","15","Wheat","2012","2012","1000 US$","0","","Official data"
"TP","Crops and livestock products","149","Nepal","5922","Export Value","15","Wheat","2013","2013","1000 US$","0","F","FAO estimate"
"TP","Crops and livestock products","149","Nepal","5922","Export Value","15","Wheat","2016","2016","1000 US$","0","","Official data"
"TP","Crops and livestock products","149","Nepal","5922","Export Value","15","Wheat","2018","2018","1000 US$","14","*","Unofficial figure"
